<?xml version="1.0" encoding="UTF-8"?>
<rss version="2.0" xmlns:ror="http://rorweb.com/0.1/" >
<channel>
  <title>ROR Sitemap for https://anupammondal.in/</title>
  <link>https://anupammondal.in/</link>

<item>
     <link>https://anupammondal.in/</link>
     <title>Anupam Mondal for website, SEO, web design, development</title>
     <description>Anupam Mondal for website, SEO, web design, development. Boost Your Business with Expert Web Design, Development, &amp; SEO Services by Anupam Mondal.</description>
     <ror:updatePeriod></ror:updatePeriod>
     <ror:sortOrder>0</ror:sortOrder>
     <ror:resourceOf>sitemap</ror:resourceOf>
</item>
<item>
     <link>https://anupammondal.in/services/digital-marketing</link>
     <title>Digital Marketing Services for your Business : Anupam Mondal</title>
     <description>Boost your online presence with expert digital marketing services by Anupam Mondal. Specializing in SEO, PPC, social media marketing, and more.</description>
     <ror:updatePeriod></ror:updatePeriod>
     <ror:sortOrder>1</ror:sortOrder>
     <ror:resourceOf>sitemap</ror:resourceOf>
</item>
<item>
     <link>https://anupammondal.in/services/web-design</link>
     <title>Best Web Design Services for your Business : Anupam Mondal</title>
     <description>Professional web designer &amp; SEO specialist Anupam Mondal, offering expert web design, development &amp; SEO services since 2016 with 70+ projects worldwide. Contact now!</description>
     <ror:updatePeriod></ror:updatePeriod>
     <ror:sortOrder>1</ror:sortOrder>
     <ror:resourceOf>sitemap</ror:resourceOf>
</item>
<item>
     <link>https://anupammondal.in/services/web-development</link>
     <title>Expert Web development Services for Business : Anupam Mondal</title>
     <description>Transform your vision into reality with expert web development services by Anupam Mondal. Specializing in custom websites, responsive design, e-commerce solutions, and more.</description>
     <ror:updatePeriod></ror:updatePeriod>
     <ror:sortOrder>1</ror:sortOrder>
     <ror:resourceOf>sitemap</ror:resourceOf>
</item>
<item>
     <link>https://anupammondal.in/services/website-seo</link>
     <title>Website SEO services that boost Businesses : Anupam Mondal</title>
     <description>Boost your online visibility with expert SEO services by Anupam Mondal. Specializing in keyword research, on-page SEO, content optimization, technical SEO, link building, and local SEO.</description>
     <ror:updatePeriod></ror:updatePeriod>
     <ror:sortOrder>1</ror:sortOrder>
     <ror:resourceOf>sitemap</ror:resourceOf>
</item>
<item>
     <link>https://anupammondal.in/about-us</link>
     <title>About freelancer, web designer, developer Anupam Mondal</title>
     <description>Expert freelancer Anupam Mondal: Web designer &amp; developer with 17+ years in IT. Offering top-notch SEO, UI/UX, and responsive designs. Proven success across various industries.</description>
     <ror:updatePeriod></ror:updatePeriod>
     <ror:sortOrder>1</ror:sortOrder>
     <ror:resourceOf>sitemap</ror:resourceOf>
</item>
<item>
     <link>https://anupammondal.in/portfolio</link>
     <title>Anupam Mondal's Web Design and Development Portfolio</title>
     <description>Anupam Mondal's Web Design and Development Portfolio showcases innovative projects specializing in Medical, Education, and B2B sectors, with SEO-optimized, responsive designs.</description>
     <ror:updatePeriod></ror:updatePeriod>
     <ror:sortOrder>1</ror:sortOrder>
     <ror:resourceOf>sitemap</ror:resourceOf>
</item>
<item>
     <link>https://anupammondal.in/contact</link>
     <title>Contact us for Website Design, Development &amp; SEO in Kolkata</title>
     <description>Contact Anupam Mondal for top-notch website design, development, and SEO services in Kolkata. Enhance your online presence today!</description>
     <ror:updatePeriod></ror:updatePeriod>
     <ror:sortOrder>1</ror:sortOrder>
     <ror:resourceOf>sitemap</ror:resourceOf>
</item>
<item>
     <link>https://anupammondal.in/blog/</link>
     <title>Developer &amp; Digital Marketer Anupam Mondal - Insights &amp; Tips</title>
     <description>Explore expert tips on web development, digital marketing, &amp; more with Anupam Mondal. Stay updated with latest trends &amp; strategies to boost your online presence</description>
     <ror:updatePeriod></ror:updatePeriod>
     <ror:sortOrder>1</ror:sortOrder>
     <ror:resourceOf>sitemap</ror:resourceOf>
</item>
<item>
     <link>https://anupammondal.in/blog/10-common-seo-mistakes</link>
     <title>10 Common SEO Mistakes and How to Avoid Them</title>
     <description>Discover the top 10 common SEO mistakes and learn how to avoid them. Improve your search engine rankings with our expert tips.</description>
     <ror:updatePeriod></ror:updatePeriod>
     <ror:sortOrder>2</ror:sortOrder>
     <ror:resourceOf>sitemap</ror:resourceOf>
</item>
<item>
     <link>https://anupammondal.in/blog/benefits-of-using-bootstrap-5</link>
     <title>The Benefits of Using Bootstrap 5 for Web Development</title>
     <description>Discover the numerous benefits of using Bootstrap 5 for web development. Learn how Bootstrap 5 can enhance your web projects with our expert insights.</description>
     <ror:updatePeriod></ror:updatePeriod>
     <ror:sortOrder>2</ror:sortOrder>
     <ror:resourceOf>sitemap</ror:resourceOf>
</item>
<item>
     <link>https://anupammondal.in/blog/build-strong-online-brand-presence</link>
     <title>How to Build a Strong Online Brand Presence</title>
     <description>Learn how to build a strong online brand presence with our expert tips. Discover strategies to enhance your digital footprint and engage your audience.</description>
     <ror:updatePeriod></ror:updatePeriod>
     <ror:sortOrder>2</ror:sortOrder>
     <ror:resourceOf>sitemap</ror:resourceOf>
</item>
<item>
     <link>https://anupammondal.in/blog/comprehensive-seo-audit</link>
     <title>How to Conduct a Comprehensive SEO Audit</title>
     <description>Learn how to conduct a comprehensive SEO audit with our step-by-step guide. Discover key strategies to boost your website's search engine performance.</description>
     <ror:updatePeriod></ror:updatePeriod>
     <ror:sortOrder>2</ror:sortOrder>
     <ror:resourceOf>sitemap</ror:resourceOf>
</item>
<item>
     <link>https://anupammondal.in/blog/effective-content-marketing-strategies-for-startups</link>
     <title>Effective Content Marketing Strategies for Startups</title>
     <description>Discover the most effective content marketing strategies for startups. Learn how to create engaging content and boost your online presence with our expert tips.</description>
     <ror:updatePeriod></ror:updatePeriod>
     <ror:sortOrder>2</ror:sortOrder>
     <ror:resourceOf>sitemap</ror:resourceOf>
</item>
<item>
     <link>https://anupammondal.in/blog/effective-email-marketing-tips-for-small-businesses</link>
     <title>Effective Email Marketing Tips for Small Businesses</title>
     <description>Discover effective email marketing tips for small businesses. Learn how to create engaging email campaigns that drive results and build customer loyalty.</description>
     <ror:updatePeriod></ror:updatePeriod>
     <ror:sortOrder>2</ror:sortOrder>
     <ror:resourceOf>sitemap</ror:resourceOf>
</item>
</channel>
</rss>
  