<?xml version="1.0" encoding="UTF-8"?>
<rss version="2.0" xmlns:ror="http://rorweb.com/0.1/" >
<channel>
  <title>ROR Sitemap for https://anupammondal.in/</title>
  <link>https://anupammondal.in/</link>

<item>
     <link>https://anupammondal.in/</link>
     <title>Anupam Mondal for website, SEO, web design, development</title>
     <description>Anupam Mondal for website, SEO, web design, development. Boost Your Business with Expert Web Design, Development, &amp; SEO Services by Anupam Mondal. </description>
     <ror:updatePeriod></ror:updatePeriod>
     <ror:sortOrder>0</ror:sortOrder>
     <ror:resourceOf>sitemap</ror:resourceOf>
</item>
<item>
     <link>https://anupammondal.in/services/web-design</link>
     <title>Anupam Mondal's Web Design and Development Portfolio</title>
     <description>Professional web designer &amp; SEO specialist Anupam Mondal, offering expert web design, development &amp; SEO services since 2016 with 70+ projects worldwide. Contact now!</description>
     <ror:updatePeriod></ror:updatePeriod>
     <ror:sortOrder>1</ror:sortOrder>
     <ror:resourceOf>sitemap</ror:resourceOf>
</item>
<item>
     <link>https://anupammondal.in/services/web-development</link>
     <title>Web development services or web app Anupam Mondal</title>
     <description>Anupam Mondal: Expert web designer &amp; developer since 2016. Offering web design, development, and SEO services worldwide. 70+ projects completed. ₹800/hr.</description>
     <ror:updatePeriod></ror:updatePeriod>
     <ror:sortOrder>1</ror:sortOrder>
     <ror:resourceOf>sitemap</ror:resourceOf>
</item>
<item>
     <link>https://anupammondal.in/services/website-seo</link>
     <title>Website SEO for on-page / off-page Anupam Mondal</title>
     <description>Boost your business with Anupam Mondal's web design, development, and SEO services. Over 17 years in IT, 70+ projects globally, five-star rated. Contact now!</description>
     <ror:updatePeriod></ror:updatePeriod>
     <ror:sortOrder>1</ror:sortOrder>
     <ror:resourceOf>sitemap</ror:resourceOf>
</item>
<item>
     <link>https://anupammondal.in/about-us</link>
     <title>About freelancer, web designer, developer Anupam Mondal</title>
     <description>Expert freelancer Anupam Mondal: Web designer &amp; developer with 17+ years in IT. Offering top-notch SEO, UI/UX, and responsive designs. Proven success across various industries.</description>
     <ror:updatePeriod></ror:updatePeriod>
     <ror:sortOrder>1</ror:sortOrder>
     <ror:resourceOf>sitemap</ror:resourceOf>
</item>
<item>
     <link>https://anupammondal.in/portfolio</link>
     <title>Anupam Mondal's Web Design and Development Portfolio</title>
     <description>Anupam Mondal's Web Design and Development Portfolio showcases innovative projects specializing in Medical, Education, and B2B sectors, with SEO-optimized, responsive designs.</description>
     <ror:updatePeriod></ror:updatePeriod>
     <ror:sortOrder>1</ror:sortOrder>
     <ror:resourceOf>sitemap</ror:resourceOf>
</item>
<item>
     <link>https://anupammondal.in/contact</link>
     <title>Contact us for Website Design, Development &amp; SEO in Kolkata</title>
     <description>Contact Anupam Mondal for top-notch website design, development, and SEO services in Kolkata. Enhance your online presence today!</description>
     <ror:updatePeriod></ror:updatePeriod>
     <ror:sortOrder>1</ror:sortOrder>
     <ror:resourceOf>sitemap</ror:resourceOf>
</item>
<item>
     <link>https://anupammondal.in/contact.html</link>
     <title>Contact us for Website Design, Development &amp; SEO in Kolkata</title>
     <description>Contact Anupam Mondal for top-notch website design, development, and SEO services in Kolkata. Enhance your online presence today!</description>
     <ror:updatePeriod></ror:updatePeriod>
     <ror:sortOrder>2</ror:sortOrder>
     <ror:resourceOf>sitemap</ror:resourceOf>
</item>
</channel>
</rss>
  