<?xml version="1.0" encoding="utf-8"?>
<!--Created using XmlSitemapGenerator.org - Free HTML, RSS and XML sitemap generator-->
<rss version="2.0">
  <channel>
    <title>
                                    
                                    Need new website for business
                                </title>
    <link>https://anupammondal.in</link>
    <description />
    <item>
      <guid>https://anupammondal.in</guid>
      <title>
                                    
                                    Need new website for business
                                </title>
      <link>https://anupammondal.in</link>
      <description>Anupam Mondal for websites, web Applications with best SEO 
    and page speed optimisation. Anupam Mondal a preferred freelancer, full stack developer 
    having 8 years experince in web development and 6 years experience in Trainer/faculty position.</description>
      <pubDate>Mon, 11 May 2020 03:45:00 Z</pubDate>
    </item>
    <item>
      <guid>https://anupammondal.in/contact.html</guid>
      <title>
                        Contact web developer Anupam Mondal
                    </title>
      <link>https://anupammondal.in/contact.html</link>
      <description>Contact Preferred freelancer, full stck web developer, anupam 
    mondal for secure, SEO optimised websites, web applications, front end design, development 
    including technical support to precious clients.</description>
      <pubDate>Mon, 11 May 2020 03:45:00 Z</pubDate>
    </item>
    <item>
      <guid>https://anupammondal.in/portfolio.html</guid>
      <title>
                        Web developer Anupam Mondal
                    </title>
      <link>https://anupammondal.in/portfolio.html</link>
      <description>Provides Extreme Secure, SEO Optimised, Complete Web 
    App, Website, UI Design, Development With Elegant Support To Precious Clients As Freelance 
    Developer.</description>
      <pubDate>Mon, 11 May 2020 03:45:00 Z</pubDate>
    </item>
    <item>
      <guid>https://anupammondal.in/aboutme.html</guid>
      <title>
                        Web developer Anupam Mondal
                    </title>
      <link>https://anupammondal.in/aboutme.html</link>
      <description>About Anupam Mondal a preferred freelance, full stack 
    developer with 8 years experience in web development. Expert frontend and backend developer 
    for optimised, SEO friendly websites and for complex web applications.</description>
      <pubDate>Mon, 11 May 2020 03:45:00 Z</pubDate>
    </item>
  </channel>
</rss>
<!--<guid value="73ff8ffd-c3cb-4b42-bf95-df35f5ef1b1f" />-->
<!--Created using XmlSitemapGenerator.org - Free HTML, RSS and XML sitemap generator-->